【クーポンで半額695円】パック シートマスク フェイスパック 顔用 美容マスク 朝 朝専用 時短 涼感 冷感 ますく 大容量 夏 汗 ひんやり 冷感マスク 保湿 肌荒れ対策 肌荒れケア ルイール [プリュ ワンミニット モーニングマスク（30枚入）][通][YP],https://hb.afl.rakuten.co.jp/hgc/g00po0z7.90b3w781.g00po0z7.90b3x015/?pc=https%3A%2F%2Fitem.rakuten.co.jp%2Fluire%2Fplonb1000%2F&m=http%3A%2F%2Fm.rakuten.co.jp%2Fluire%2Fi%2F10005782%2F,ルイール　コン美ニエンスショップ,1390,1,https://thumbnail.image.rakuten.co.jp/@0_mall/luire/cabinet/plus02/mask1_695cp.jpg?_ex=128x128,B077N6843B,1390.0,492.00,2,beauty_display_on_website,41707
【新作選べる180種類】 ネイルシール 貼るだけ フット ジェルネイルシール フルカバータイプネイルシール ジェルネイルステッカー ジェルネイルシール ネイル,https://hb.afl.rakuten.co.jp/hgc/g00tbmz7.90b3w2a0.g00tbmz7.90b3x278/?pc=https%3A%2F%2Fitem.rakuten.co.jp%2Ffaithmiracle%2F39%2F&m=http%3A%2F%2Fm.rakuten.co.jp%2Ffaithmiracle%2Fi%2F10000044%2F,faithmiracle,175,2,https://thumbnail.image.rakuten.co.jp/@0_mall/faithmiracle/cabinet/07594376/imgrc0099665948.jpg?_ex=128x128,,,,,,
【ネイル3点＋ジェルランプセット】ohora オホーラ ネイル ジェルネイル ジェルネイルシール ネイルシール ネイルステッカー 貼るだけネイルシール ジェルランプ おうちネイル 夏ネイル 8000円以上で送料無料！,https://hb.afl.rakuten.co.jp/hgc/g00tib47.90b3w8ba.g00tib47.90b3x787/?pc=https%3A%2F%2Fitem.rakuten.co.jp%2Fklug-official%2Fohora_new%2F&m=http%3A%2F%2Fm.rakuten.co.jp%2Fklug-official%2Fi%2F10000008%2F,Dailynco,5999,3,https://thumbnail.image.rakuten.co.jp/@0_mall/klug-official/cabinet/06815466/06897779/imgrc0075257330.jpg?_ex=128x128,,,,,,
プリマヴィスタ 皮脂くずれ防止 化粧下地 SPF20 PA++(25ml)【uv2020-1】【d2rec】【gs】【100ycpb】【body_8】【rank】【PrimaB】【プリマヴィスタ(Primavista)】,https://hb.afl.rakuten.co.jp/hgc/g00r1367.90b3w8ef.g00r1367.90b3x78b/?pc=https%3A%2F%2Fitem.rakuten.co.jp%2Frakuten24%2Fe532860h%2F&m=http%3A%2F%2Fm.rakuten.co.jp%2Frakuten24%2Fi%2F10633508%2F,楽天24,3080,4,https://thumbnail.image.rakuten.co.jp/@0_mall/rakuten24/cabinet/401/4901301351401.jpg?_ex=128x128,B079BRLKJX,3080.0,689.00,42,beauty_display_on_website,211
夏限定シリーズ登場！【BOTANIST ボタニカル リフレッシュシャンプー・トリートメント】送料無料 ボタニスト ヘアケア ダメージ ボトル リフレッシュ 夏限定 [単品] おうち時間　 hc,https://hb.afl.rakuten.co.jp/hgc/g00r23n7.90b3w182.g00r23n7.90b3x43c/?pc=https%3A%2F%2Fitem.rakuten.co.jp%2Fkobe-beauty-labo%2Fbota-01-refresh%2F&m=http%3A%2F%2Fm.rakuten.co.jp%2Fkobe-beauty-labo%2Fi%2F10001999%2F,アンド ハビット,1540,5,https://thumbnail.image.rakuten.co.jp/@0_mall/kobe-beauty-labo/cabinet/04278206/07510615/shamtri_01.jpg?_ex=128x128,,,,,,
プリマヴィスタ 皮脂くずれ防止 化粧下地 超オイリー肌用 ブラックプリマ(25ml)【uv2020-1】【body_8】Prima5HK【プリマヴィスタ(Primavista)】[プリマビスタ 化粧下地 ブラックプリマ],https://hb.afl.rakuten.co.jp/hgc/g00r1367.90b3w8ef.g00r1367.90b3x78b/?pc=https%3A%2F%2Fitem.rakuten.co.jp%2Frakuten24%2F4901301369093%2F&m=http%3A%2F%2Fm.rakuten.co.jp%2Frakuten24%2Fi%2F10881444%2F,楽天24,3080,6,https://thumbnail.image.rakuten.co.jp/@0_mall/rakuten24/cabinet/093/4901301369093.jpg?_ex=128x128,B07PYK2RDL,3080.0,689.00,14,beauty_display_on_website,40
[医薬部外品]スカルプD 薬用スカルプシャンプー 350ml [頭皮タイプ別3種]「11年連続」1位 男性シャンプーシェア| 薬用シャンプー オイリー[脂性] ストロング[超脂性] ドライ[乾燥] スカルプd シャンプー アンファーストア メンズ 男性用 頭皮 すかるぷ おうち時間,https://hb.afl.rakuten.co.jp/hgc/g00ps337.90b3w375.g00ps337.90b3xb21/?pc=https%3A%2F%2Fitem.rakuten.co.jp%2Fangfa%2F648226%2F&m=http%3A%2F%2Fm.rakuten.co.jp%2Fangfa%2Fi%2F10000025%2F,アンファーストア,3973,7,https://thumbnail.image.rakuten.co.jp/@0_mall/angfa/cabinet/2019/item/rn/sd_3item.jpg?_ex=128x128,B07Q2G3SJZ,3973.0,818.00,5,beauty_display_on_website,40
【150種類】 最新作3D フット ネイルシール 貼るだけでジェルネイルが完成！リアルジェルネイルステッカー ジェルネイルシール フルカバータイプ ネイルシール,https://hb.afl.rakuten.co.jp/hgc/g00tbmz7.90b3w2a0.g00tbmz7.90b3x278/?pc=https%3A%2F%2Fitem.rakuten.co.jp%2Ffaithmiracle%2F10000061%2F&m=http%3A%2F%2Fm.rakuten.co.jp%2Ffaithmiracle%2Fi%2F10000061%2F,faithmiracle,175,8,https://thumbnail.image.rakuten.co.jp/@0_mall/faithmiracle/cabinet/07565180/imgrc0102363610.jpg?_ex=128x128,,,,,,
ディープクリア 洗顔パウダー 【ファンケル 公式】[ 送料無料 FANCL 酵素洗顔パウダー 無添加 毛穴 洗顔 酵素洗顔 洗顔フォーム 基礎化粧品 スキンケア 化粧品 洗顔料 洗顔石鹸 石けん 洗顔せっけん 粉 角栓 酵素 毛穴ケア フェイスウォッシュ フェイスケア ],https://hb.afl.rakuten.co.jp/hgc/g00sms57.90b3wa6b.g00sms57.90b3x536/?pc=https%3A%2F%2Fitem.rakuten.co.jp%2Ffancl-shop%2F3738-01%2F&m=http%3A%2F%2Fm.rakuten.co.jp%2Ffancl-shop%2Fi%2F10009128%2F,FANCL公式ショップ 楽天市場店,1980,9,https://thumbnail.image.rakuten.co.jp/@0_mall/fancl-shop/cabinet/item-img/3500-3999/3738-01.jpg?_ex=128x128,B07VYND937,1980.0,619.00,3,beauty_display_on_website,36
40％OFFクーポン有！【楽天ランキング1位】脱毛クリーム 除毛クリーム フィス ホワイト陰部 陰毛 使用可能 アンダーヘア VIO 全身 ムダ毛処理 「 女性 わき すね毛 腕毛 」「 低刺激 ごっそり 除毛剤 」レディース メンズ 日本製 医薬部外品 150g,https://hb.afl.rakuten.co.jp/hgc/g00tknl7.90b3wd7d.g00tknl7.90b3x8db/?pc=https%3A%2F%2Fitem.rakuten.co.jp%2Fwhithwhite%2F906b07454g1kz%2F&m=http%3A%2F%2Fm.rakuten.co.jp%2Fwhithwhite%2Fi%2F10000125%2F,フィス ホワイト,2980,10,https://thumbnail.image.rakuten.co.jp/@0_mall/whithwhite/cabinet/whith/top/removercream-top_74.jpg?_ex=128x128,,,,,,
【限定色発売中】プラスキレイ ピンクリップ 6ml pluskirei pink lip リップ美容液 リッププランパー ヒト幹細胞培養液 ヒト由来美肌乳酸菌 ヒト幹細胞エキス 唇用美容液 リップトリートメント ヒト幹細胞【メール便】@cp-ss2006,https://hb.afl.rakuten.co.jp/hgc/g00qi2m7.90b3w279.g00qi2m7.90b3xd7a/?pc=https%3A%2F%2Fitem.rakuten.co.jp%2Fpycno%2F5400-001_cp01%2F&m=http%3A%2F%2Fm.rakuten.co.jp%2Fpycno%2Fi%2F10008299%2F,エクセレントメディカル,3080,11,https://thumbnail.image.rakuten.co.jp/@0_mall/pycno/cabinet/sale-img/pinklip_sale50off-p0.jpg?_ex=128x128,,,,,,
【19％OFF】《楽天ランキング第1位》シャンプー haru 100%天然由来 ノンシリコン　kurokamiスカルプ3本セット,https://hb.afl.rakuten.co.jp/hgc/g00ryws7.90b3w56d.g00ryws7.90b3x22c/?pc=https%3A%2F%2Fitem.rakuten.co.jp%2Fharushop%2Fharusshampoo003%2F&m=http%3A%2F%2Fm.rakuten.co.jp%2Fharushop%2Fi%2F10000037%2F,haruオンラインショップ,9521,12,https://thumbnail.image.rakuten.co.jp/@0_mall/harushop/cabinet/lineup/imgrc0073803090.jpg?_ex=128x128,,,,,,
【エントリーでP14倍】【ヤーマン公式】美顔器 メディリフト 1回10分ウェアラブル美顔器 着けるだけで表情筋トレーニング マスク (YA-MAN) メディリフト MediLift,https://hb.afl.rakuten.co.jp/hgc/g00ruto7.90b3wb26.g00ruto7.90b3xf2d/?pc=https%3A%2F%2Fitem.rakuten.co.jp%2Fya-man%2Fr1805a%2F&m=http%3A%2F%2Fm.rakuten.co.jp%2Fya-man%2Fi%2F10001969%2F,ヤーマン楽天市場店,27500,13,https://thumbnail.image.rakuten.co.jp/@0_mall/ya-man/cabinet/06031355/r1805a-map10x.jpg?_ex=128x128,B07CZM33H7,27500.0,3217.00,44,kitchen_display_on_website,1207
[医薬部外品]スカルプD 薬用スカルプシャンプー 定番2点セット「11年連続」1位 男性シャンプーシェア [シャンプー＆コンディショナー]|男のスカルプD 薬用シャンプー 育毛シャンプー 薬用 アンファー シャンプー メンズ 育毛 薄毛 頭皮ケア 男性 オイリー 350ml おうち時間,https://hb.afl.rakuten.co.jp/hgc/g00ps337.90b3w375.g00ps337.90b3xb21/?pc=https%3A%2F%2Fitem.rakuten.co.jp%2Fangfa%2Fcp_set5%2F&m=http%3A%2F%2Fm.rakuten.co.jp%2Fangfa%2Fi%2F10003767%2F,アンファーストア,7946,14,https://thumbnail.image.rakuten.co.jp/@0_mall/angfa/cabinet/2019/item/cp/191004_m_sd2set.jpg?_ex=128x128,,,,,,
SK2 / SK-II(エスケーツー)ピテラ オーラ キット / ピテラ パワー キット｜正規品 送料無料 SK-2 美白 ホワイトニングセット フェイシャルトリートメントエッセンス セット トライアルセット スキンケア 美容液 化粧水お試し 化粧品 女性 ベストセラー skii,https://hb.afl.rakuten.co.jp/hgc/g00siy37.90b3w396.g00siy37.90b3xc98/?pc=https%3A%2F%2Fitem.rakuten.co.jp%2Fsk-ii%2Fftk%2F&m=http%3A%2F%2Fm.rakuten.co.jp%2Fsk-ii%2Fi%2F10003015%2F,SK-II 公式ショップ楽天市場店,10890,15,https://thumbnail.image.rakuten.co.jp/@0_mall/sk-ii/cabinet/item/thumb/pak/pak_nor.jpg?_ex=128x128,,,,,,
"25％OFF！2,200円→1,650円！【楽天ランキング1位】ヘアオイル 洗い流さない アウトバス トリートメントオルナ オーガニック80ml ALLNA ORGANIC",https://hb.afl.rakuten.co.jp/hgc/g00t45p7.90b3w2e7.g00t45p7.90b3x856/?pc=https%3A%2F%2Fitem.rakuten.co.jp%2Ftsurunishi%2F90xb079s1wb7s%2F&m=http%3A%2F%2Fm.rakuten.co.jp%2Ftsurunishi%2Fi%2F10000288%2F,鶴西オンラインショップ,1650,16,https://thumbnail.image.rakuten.co.jp/@0_mall/tsurunishi/cabinet/allna/top/hairoil0704.jpg?_ex=128x128,,,,,,
30％OFFクーポン有！【楽天ランキング1位】シャンプー ＆ トリートメント 500ml ＆ 500ml ボトル セット 無添加 ノンシリコン ノンパラベン アミノ酸 弱酸性 スムース 自然 な ボタニカル の香り ALLNA ORGANIC,https://hb.afl.rakuten.co.jp/hgc/g00t45p7.90b3w2e7.g00t45p7.90b3x856/?pc=https%3A%2F%2Fitem.rakuten.co.jp%2Ftsurunishi%2F905b073w1637l%2F&m=http%3A%2F%2Fm.rakuten.co.jp%2Ftsurunishi%2Fi%2F10000273%2F,鶴西オンラインショップ,3870,17,https://thumbnail.image.rakuten.co.jp/@0_mall/tsurunishi/cabinet/allna/top/905b073w1637l0620.jpg?_ex=128x128,B073W1637L,3870.0,808.00,1,beauty_display_on_website,147
【BOTANIST ボタニカル シャンプー・トリートメント】送料無料 ボタニスト ヘアケア ダメージ スカルプ ボリューム プレゼント エイジング ボトル [単品] おうち時間 hc,https://hb.afl.rakuten.co.jp/hgc/g00r23n7.90b3w182.g00r23n7.90b3x43c/?pc=https%3A%2F%2Fitem.rakuten.co.jp%2Fkobe-beauty-labo%2Fbota-01%2F&m=http%3A%2F%2Fm.rakuten.co.jp%2Fkobe-beauty-labo%2Fi%2F10000193%2F,アンド ハビット,1540,18,https://thumbnail.image.rakuten.co.jp/@0_mall/kobe-beauty-labo/cabinet/04278206/07601825/imgrc0075316804.jpg?_ex=128x128,,,,,,
【ZEESEA（ズーシー）公式】ダイヤモンドシリーズ カラーマスカラ 7ml 大人気 速乾 防水 カール 長持ち マスカラ,https://hb.afl.rakuten.co.jp/hgc/g00tnxt7.90b3w706.g00tnxt7.90b3x04b/?pc=https%3A%2F%2Fitem.rakuten.co.jp%2Flanmanya%2F10000003%2F&m=http%3A%2F%2Fm.rakuten.co.jp%2Flanmanya%2Fi%2F10000003%2F,ZEESEA　COSMETICS,1499,19,https://thumbnail.image.rakuten.co.jp/@0_mall/lanmanya/cabinet/07520737/imgrc0080977871.jpg?_ex=128x128,,,,,,
UVイデア XL プロテクショントーンアップ ローズ(30ml)【uv2020-5】【lvp】【ラ ロッシュ ポゼ】,https://hb.afl.rakuten.co.jp/hgc/g00r1367.90b3w8ef.g00r1367.90b3x78b/?pc=https%3A%2F%2Fitem.rakuten.co.jp%2Frakuten24%2F3337875692304%2F&m=http%3A%2F%2Fm.rakuten.co.jp%2Frakuten24%2Fi%2F10950216%2F,楽天24,3740,20,https://thumbnail.image.rakuten.co.jp/@0_mall/rakuten24/cabinet/304/3337875692304.jpg?_ex=128x128,B0851ZPQQF,3740.0,1129.00,6,beauty_display_on_website,70
マイルドクレンジング オイル 2本 【ファンケル 公式】 [クレンジング マイクレ 送料無料 無添加 毛穴 FANCL マイルドクレンジングオイル クレンジングオイル オイルクレンジング メイク落とし 基礎化粧品 スキンケア メーク落とし 無添加化粧品 化粧落とし],https://hb.afl.rakuten.co.jp/hgc/g00sms57.90b3wa6b.g00sms57.90b3x536/?pc=https%3A%2F%2Fitem.rakuten.co.jp%2Ffancl-shop%2F3670-22%2F&m=http%3A%2F%2Fm.rakuten.co.jp%2Ffancl-shop%2Fi%2F10009047%2F,FANCL公式ショップ 楽天市場店,3520,21,https://thumbnail.image.rakuten.co.jp/@0_mall/fancl-shop/cabinet/item-img/3500-3999/3670-22.jpg?_ex=128x128,B07793GZQT,0,451.00,4,beauty_display_on_website,70
ムーモ moomo 1本(120g 約30日分)除毛クリーム 剛毛 女性用 ラベンダー 脱毛,https://hb.afl.rakuten.co.jp/hgc/g00ssl97.90b3w23f.g00ssl97.90b3xf5c/?pc=https%3A%2F%2Fitem.rakuten.co.jp%2Fonesdirect%2Fmoomo01%2F&m=http%3A%2F%2Fm.rakuten.co.jp%2Fonesdirect%2Fi%2F10000286%2F,ワンズダイレクト,5643,22,https://thumbnail.image.rakuten.co.jp/@0_mall/onesdirect/cabinet/item1/moomo001.jpg?_ex=128x128,,,,,,
エマーキット【最短あす着 ・返金保証&プレゼント付き】超濃厚 まつげ美容液 水橋保寿堂製薬 EMAKED 正規品 送料無料,https://hb.afl.rakuten.co.jp/hgc/g00tg137.90b3w9fd.g00tg137.90b3xff9/?pc=https%3A%2F%2Fitem.rakuten.co.jp%2Fgranbeautyon-line%2F10000005%2F&m=http%3A%2F%2Fm.rakuten.co.jp%2Fgranbeautyon-line%2Fi%2F10000005%2F,GRAN BEAUTY WORLD楽天市場店,5500,23,https://thumbnail.image.rakuten.co.jp/@0_mall/granbeautyon-line/cabinet/imgrc0083494373.jpg?_ex=128x128,B00JUN9NIS,6050.0,887.00,8,beauty_display_on_website,551
【マラソン中ポイント20倍！7/11 01:59まで】テレビCM放送中 30秒メイクで驚きの高カバー力×輝くツヤ美肌 Aluce luce(アルーチェ ルーチェ)クッションファンデーション【初めての方限定！特別価格】,https://hb.afl.rakuten.co.jp/hgc/g00r97n7.90b3wa54.g00r97n7.90b3x52c/?pc=https%3A%2F%2Fitem.rakuten.co.jp%2Fr-and-y%2Fr425959-r425960%2F&m=http%3A%2F%2Fm.rakuten.co.jp%2Fr-and-y%2Fi%2F10000950%2F,銀座ステファニー化粧品楽天市場店,3980,24,https://thumbnail.image.rakuten.co.jp/@0_mall/r-and-y/cabinet/items/newmain/r425959-r425960luce.jpg?_ex=128x128,,,,,,
【ポイント10倍】【楽天1位】美顔ローラー マイクロカレント 美顔器 小顔ローラー 小顔 防水 美容ローラー 美顔 フェイスローラー フェイスライン リフトアップ ほうれい線 美容 フェイス ボディ ローラー 顔マッサージ器,https://hb.afl.rakuten.co.jp/hgc/g00t9ci7.90b3w5e3.g00t9ci7.90b3x165/?pc=https%3A%2F%2Fitem.rakuten.co.jp%2Fbeautyhealthfitness%2F0000786aa%2F&m=http%3A%2F%2Fm.rakuten.co.jp%2Fbeautyhealthfitness%2Fi%2F10000002%2F,美意識倶楽部,4280,25,https://thumbnail.image.rakuten.co.jp/@0_mall/beautyhealthfitness/cabinet/imgrc0071501381.jpg?_ex=128x128,,,,,,
【定期便】クリームシャンプー KAMIKA(カミカ) 3本 ≪初回限定価格：5980円≫3ヶ月ごとに3本お届け 【送料無料】 オールインワン クリームシャンプー 泡立たないスカルプシャンプー スカルプ 頭皮ケア ヘッドスパ 自宅 ホームケア,https://hb.afl.rakuten.co.jp/hgc/g00s3wq7.90b3w647.g00s3wq7.90b3xdb6/?pc=https%3A%2F%2Fitem.rakuten.co.jp%2Fwellsuppli%2F10000228%2F&m=http%3A%2F%2Fm.rakuten.co.jp%2Fwellsuppli%2Fi%2F10000228%2F,ウェルネスサプリ,12958,26,https://thumbnail.image.rakuten.co.jp/@0_mall/wellsuppli/cabinet/itemimage/kamika/shampoo/kamika_3teiki.jpg?_ex=128x128,,,,,,
【送料無料】【初回全額返金保証付き】ポリピュアEX 2本セット★楽天ランキング1位 薬用 育毛剤 男性用 女性用【育毛 発毛促進 養毛 薄毛 抜け毛予防】【男性 女性 男性用育毛剤 女性用育毛剤 育毛トニック 養毛剤 産後 育毛ローション】,https://hb.afl.rakuten.co.jp/hgc/g00r0a57.90b3w0fa.g00r0a57.90b3x0d2/?pc=https%3A%2F%2Fitem.rakuten.co.jp%2Fcscjp%2F6000pp10021%2F&m=http%3A%2F%2Fm.rakuten.co.jp%2Fcscjp%2Fi%2F10000539%2F,シーエスシー楽天市場店,15600,27,https://thumbnail.image.rakuten.co.jp/@0_gold/cscjp/sale/200704/pc/6000pp10021.jpg?_ex=128x128,,,,,,
【クーポンでMAX30％OFF】パック シートマスク フェイスパック フェイスマスク おすすめ ランキング ますく スキンケア マスクパック ルイール 保湿 大容量 肌荒れ対策　肌荒れケア 日本製 ［プリュ / PLuS プラセンタ モイスチュアマスク 35枚入］[YP][通],https://hb.afl.rakuten.co.jp/hgc/g00po0z7.90b3w781.g00po0z7.90b3x015/?pc=https%3A%2F%2Fitem.rakuten.co.jp%2Fluire%2Fpmm-yami%2F&m=http%3A%2F%2Fm.rakuten.co.jp%2Fluire%2Fi%2F10004549%2F,ルイール　コン美ニエンスショップ,1390,28,https://thumbnail.image.rakuten.co.jp/@0_mall/luire/cabinet/plus02/mask_01_30cp.jpg?_ex=128x128,B0765WV38H,1290.0,484.00,14,beauty_display_on_website,8928
ビオレu 薬用泡ハンドソープ つめかえ用(800ml*3コセット)【ビオレU(ビオレユー)】,https://hb.afl.rakuten.co.jp/hgc/g00r1367.90b3w8ef.g00r1367.90b3x78b/?pc=https%3A%2F%2Fitem.rakuten.co.jp%2Frakuten24%2F18822%2F&m=http%3A%2F%2Fm.rakuten.co.jp%2Frakuten24%2Fi%2F10680621%2F,楽天24,1980,29,https://thumbnail.image.rakuten.co.jp/@0_mall/rakuten24/cabinet/822/18822.jpg?_ex=128x128,B0182366VS,578.0,508.00,1,pantry_display_on_website,45
